company,domain
Accelerant,accelins.com
3PA,3pa.ai
AE Studio,ae.studio
"Advanced Medical Management, Inc.",amm.cc
AccuWeather,accuweather.com
AC Future,biomatrix.ai
Allwyn Corporation,allwyncorp.com
Allied Digital Services Limited,allieddigital.net
"America's CAR-MART, Inc.",car-mart.com
Alloy Personal Training Rancho Bernardo Heights,alloypersonaltraining.com
Amped Finance,amped-finance.com
AGC of California,agc-ca.org
"Alohi Technologies, Inc.",happymoney.com
Amgen,amgen.com
ALT Sports Data,altsportsdata.com
Albemarle Corporation,albemarle.com
"Arrowhead General Insurance Agency, Inc.",arrowheadgrp.com
Aquent Studios,aquentstudios.com
Art of Sales Academy,artofsalesacademy.com
Archer,archer.com
Asteri AI,asteri.ai
Arbor Energy,arbor.co
Aquent,aquent.com
Aquent Studios,aquentstudios.com
Arroyo Media,arroyomedia.com
Aquent Studios,aquentstudios.com
Aptos Labs,aptoslabs.com
BlackRock,blackrock.com
Beldon Roofing Company,beldon.com
Bergelectric,bergelectric.com
Aymium,aymium.com
Blue Lion,bluelionglobal.com
BigRentz,bigrentz.com
BlackRock,blackrock.com
C10 Inc.,c10inc.com
BrightAI,bright.ai
Build Solutions,buildsolutionsgc.com
Calltastic,calltastic.com
BODY BLUEPRINT,bodyblueprint.me
Buddy Punch,buddypunch.com
Boston Globe Media,bostonglobemedia.com
Breez AI,mybreezai.com
Borderline Labs,borderline-labs.com
Burkland,burklandassociates.com
Cabal,getcabal.com
Botanic Tonics,botanictonics.com
Bright Fox AI,brightfox.ai
Burkland,burklandassociates.com
"CARIAD, Inc.",cariad.us
ClaimsHero,claimshero.io
Chartis,chartis.gg
ClaimDOC,claim-doc.com
Cisco,cisco.com
Cisco,cisco.com
CheckAlt,checkalt.com
CENTINELA YOUTH SERVICES INC,cys-la.org
Collegiate Sports Management Group,collegiatesmg.com
CoinCircle,coincircle.com
Credible,histowiz.com
COGNITIVE,elisium.city
CreatoRev Agency,creatorev.com
Coverage Hub Marketing,coveragehubmarketing.com
CONTRAST,thebrandcontrast.com
Colas Construction,colasconstruction.com
Cortico-X,iq-labs.ai
CUJO AI,cujo.com
Devz AI Technologies Inc,devz.ai
Curveate,curveate.com
Custom Cabinetry & Co.,customcabinetryco.com
Deepen AI,deepen.ai
Digital Next,digitalnext.ai
CURION,curioninsights.com
D&H Distributing,dandh.com
Dello PC,dellopc.com
ESPN,espncareers.com
Edelman,edelman.com
Eliza,eliza.io
Edelbrock Group,edelbrockgroup.com
Embla Medical,emblamedical.com
F'inn,finn-group.com
Fiber Gaming Network,fibergamingnetwork.com
Evotix,evotix.com
Fetch,fetch.com
Flock Safety,flocksafety.com
FINCHLOOM,finchloom.com
Experian Consumer Services,experian.com
Esportudo,esportudo.com
Flexhaul AI,flexhaul.ai
FactoryFix,factoryfix.com
First American Title,firstam.com
F'inn,finn-group.com
FanDuel,fanduel.com
Federal.AI,federal.ai
FluidFit.ai,fluidfit.ai
Fleet Maintenance Specialists Inc,fleetms.org
Genesis Motor America,genesis.com
Galvez Financial,galvezfinancial.com
Framework Security,frameworksec.com
Future House Studios,futurehousestudios.com
General Motors,gm.com
"Franchise Services, Inc.",franserv.com
Free The Founder,freethefounder.ai
Go Answer,1888goanswer.com
Global Esports Federation,globalesports.org
Glivers,glivers.com
Harbinger,harbingermotors.com
Haus Labs By Lady Gaga,hauslabs.com
HARMONIUM,harmonium.group
Gooey.AI,gooey.ai
Good Animal,defi.app
Harbinger,harbingermotors.com
Growth Logiq,canopysync.io
Graphite Health,graphitehealth.io
Grow Mobile,enterprisetransformers.com
Google,google.co.uk
GumGum,gumgum.com
Granada Cabinets Inc.,granadacabinets.com
Henry Meds,henrymeds.com
HopSkipDrive,hopskipdrive.com
HCVT,hcvt.com
Healthpilot Technologies,healthpilot.com
HCVT,hcvt.com
HUB International,hubinternational.com
Hippo Insurance,hippo.com
Howard & Howard Attorneys PLLC,howardandhoward.com
HCVT,hcvt.com
Honeylove,honeylove.com
Hot Topic,hottopic.com
Haze Automotive,marsattachocolate.com
Hyundai AutoEver America,haeaus.com
Herbalife Nutrition,herbalife.com
HotelPlanner & Cleverdis,hotelplanner.com
Hunter Capital,ligopartners.com
Highlands in Bloom,highlandsinbloom.com
HopSkipDrive,hopskipdrive.com
Heart Mind Tuning Corporation,right.com
iCapital,icapital.com
Ignition,ignitionit.com
"iHerb, LLC",iherb.com
Impel,impel.ai
Infineon Technologies,infineon.com
IC360,ic360.io
Inspectiv,inspectiv.com
iNeverAnswer.com,glencoco.com
Ingomar Packing Company,ingomarpacking.com
INNOCEAN USA,innoceanusa.com
"Independent Technology Consulting, LLC",ltu.edu
inBuild,inbuild.ai
Ignite Media Group,ignitemediagroup.co
InfoMagnus,infomagnus.com
illust.,illust.ar
JINYA Holdings Inc.,jinyaholdings.com
KaiPod Learning (YC S21),kaipodlearning.com
Just,just.insure
JBoard,jboard.io
Kepion,goldhouse.org
"Java Software Development Leadership, Greater Los Angeles Area",moneygram.com
KeyMe Locksmiths,key.me
Iveda,bitech.tech
KidWorks Community Development Corporation,kidworksoc.org
Levels.fyi,levels.fyi
LA Clippers,cxo50.co
LeadVantage,leadvantage.ai
"LMA Consulting Group, Inc.",lma-consultinggroup.com
LegalZoom,legalzoom.com
LA Sports Report,dodgersnation.com
LAist,kpcc.org
Lightspeed Restoration of Georgetown & Round Rock,lightspeedrestoration.com
KPFF Consulting Engineers,nirman.vc
Lexus,lexus.com
Legendary Foods,eatlegendary.com
LBi Software,lbisoftware.com
LOOP,ridewithloop.com
Leadfield,dinnerhq.com
Levels.fyi,levels.fyi
LTO (Lead-to-Opportunity),joinlto.com
Make Your Mark Digital,makeyourmarkdigital.com
Lyran Studio,rayaagency.online
M8trix Communications,m8trixcommunications.com
Lumos Capital Group,lumoscapitalgroup.com
Martignetti Companies,martignetti.com
Marketbox Tax & Accounting,911taxplanner.com
Mesa Community College,mesacc.edu
"Mohs Pros, Inc.",mohsproshistology.com
Milestone Retirement,milestoneretirement.com
nurdsoft,nurdsoft.co
Microsoft,microsoft.com
MNTN,mountain.com
MNTN,mountain.com
Mercury,mercury.com
"MOTER Technologies, Inc.",moter.ai
"Mitsubishi Motors North America, Inc.",mitsubishicars.com
Nedl Labs,nedllabs.com
Natalie Roblin Marketing,gleaneducation.com
Navazon,navazon.com
NubeWorks,nubeworks.com
Nebula Partners,summitsquareeb5.com
Mute Ventures,muteventures.com
NimbusStack,nimbusstack.com
MyFitnessPal,myfitnesspal.com
Orange Circle Studio,orangecirclestudio.com
ON24,on24.com
POP Board Co.,popboardco.com
Obi - Ridehail Aggregator,rideobi.com
Orchestra Inc.,orchestra.build
Orgsystema LLC,monarch.is
ONYX Motors,onyxmotorbikes.com
Poms & Associates,pomsassoc.com
Octagon,octagon.com
Partner.Co,partner.co
Razorfish,razorfish.com
PayEngine,payengine.co
Philadelphia Insurance Companies,phly.com
"Ravanty Tech Consulting, Inc.",ravanty.com
Perception System,perceptionsystem.com
PHCC San Diego Chapter,phccsd.org
PerfectVision,perfect-vision.com
"P3Works, LLC",p3-works.com
Pepper + Vetiver,pepperandvetiver.com
Panorama Education,panoramaed.com
RCX Sports,rcxsports.com
Palomar,plmr.com
Pearl,outsmartcollege.com
"Perceive Now, Inc.",websterbank.com
Patagonia,patagonia.com
Physical Rehabilitation Network (PRN),prnpt.com
Paty Inc.,usasewing.com
Physical Rehabilitation Network (PRN),prnpt.com
Razor Sharp Consulting LLC,workwiselynow.com
Phonexa,ehva.ai
Phoenix Motorcars,phoenixmotorcars.com
PortPro,portpro.io
PopID,popid.com
Prodigy Edge,pamelamumm.com
Pura,pura.co
ProTec Building Services,protec.com
Pump Cargo,pumpcargo.com
QuickStart Inc.,quickstart.com
Press Play Ventures,goirys.com
Rapidflow Inc,texasbar.com
Powered By Text,solutionsbytext.com
Positive Promotions,positivepromotions.com
Publicis Media,getinsightbox.com
Propelix,propelix.ai
Precision Environmental,precisionenv.com
QCSS,salesgig.com
RagaAI Inc,raga.ai
Rain,rainapp.com
Puppy Love LA,puppyloveparty.com
Raregivers,angelaidcares.org
Professional Sports Publications,pspsports.com
Real,onereal.com
Renovar AI,renovar.ai
Refact,refact.co
"Redwood Trust, Inc.",redwoodtrust.com
Riverfreeze Consulting,riverfreeze.com
Reco Social,recosocial.com
Savvy Learning,nahlia.com
Sandler Partners,sandlerpartners.com
Reborn Cabinets,reborncabinets.com
RevGen Labs,revgenlabs.com
"Rise Up For You, SHRM-CP, SHRM-SCP",riseupforyou.com
Sandler Partners,sandlerpartners.com
Redesign Health,redesignhealth.com
"Redwood Trust, Inc.",redwoodtrust.com
Rocketship Financial,takenmarketing.com
SkillFusion,skillfusion.com
SLAM,slamonline.com
SimplePractice,simplepractice.com
Sigma Fixed Ops Solutions,fixedopsmag.com
ShotTracker Inc.,shottracker.com
ShipIn Systems,shipin.ai
Sequoia Home Health & Hospice,sequoiahhh.com
Shorenstein Realty Services,shorenstein.com
Shippabo,shippabo.com
SharkNinja,sharkninja.com
Stealth AI Startup,manhattanmentalhealthcounseling.com
Sequoia Home Health & Hospice,sequoiahhh.com
Sherpa Marketing inc,hozinc.com
SGPN,sportsgamblingpodcast.com
Shushan's Tutoring,facebook.com
SD Cyber LLC,sdcyber.biz
Sportradar,sportradar.com
Smarty LLC,joinsmarty.com
TBCONNECT,t-b-connect.com
SoulCX,cadre.io
Sono Bello,sonobello.com
"Tarana Wireless, Inc.",taranawireless.com
Teacher Created Materials,teachercreatedmaterials.com
S&P Global,spglobal.com
Stampli,stampli.com
"Stainless AI, Inc.",stainless.ai
Sonrava Health,sonrava.com
Smarter with Science,smarterwith.science
Softgent,softgent.com
Snap Inc.,snap.com
"SOAProjects, Inc.",soaprojects.com
Soccer Stars of North Orange County,soccerstars.com
Stealth AI Startup,voicebit.ai
"South Pacific Resorts International, Inc.",spresorts.com
Sono Bello,sonobello.com
Team One,teamone-usa.com
Synergetics.ai,perplexity.ai
Strike Acceptance,strikeacceptance.com
synergEV,synergev.com
Stuffed Belly,theblindgoat.com
Sweet James LLP,sweetjames.com
Taken Marketing,takenmarketing.com
STYNGR,styngr.com
TagMango,tagmango.com
SunMoon Entertainment,disneycareers.com
TeamLogicIT LA-WestHollywood CA,teamlogicit.com
Tala,tala.co
TechLink Systems,techlinksystems.com
TechCXO,techcxo.com
Technology Impact Consulting LLC,techimpactcons.com
Tekion Corp,tekion.com
The Flower Shop,theflowershopausa.com
The LA Grind,thelagrind.com
The College Sports Company,teammercury.io
The Athletic,theathletic.com
The Carving Board,eattheboard.com
The Guitar Center Company,guitarcenter.com
The Craftsman Agency,thecraftsmanagency.com
ThinkWarwick Global,thinkwarwick.com
ThinkWarwick Global,thinkwarwick.com
TopHatRank.com,tophatrank.com
TRA CONSULTING INC. ,traconsulting.com
Tilt Five,tiltfive.com
"TRIPP, Inc.",tripp.com
Torc Robotics,torc.ai
The Ritz-Carlton Yacht Collection,ritzcarltonyachtcollection.com
vCloud.ai,vcloud.ai
Uplifty,uplifty.io
"Willis Wealth Management, LLC",williswealthmgt.com
Unishippers,unishippers.com
Wilson Sonsini Goodrich & Rosati,wsgr.com
Whistler Partners,whistlerpartners.com
USI Insurance Services,usi.com
University of La Verne,laverne.edu
UVertz,uvertz.com
Unishippers - Boca Shipping Inc.,unishippers.com
"Urban Edge Network, LLC.",urbanedgenetwork.net
"Trisetra, Inc",trisetra.com
UNIFY Financial Credit Union,unifyfcu.com
USA TODAY NETWORK | LOCALiQ,localiq.com
Tumo Center for Creative Technologies,tumo.org
Userwave.com,userwave.com
United Way,unitedway.org
Ultimate Partner,theultimatepartner.com
WBENC,wbenc.org
Vesta Healthcare,vestahealthcare.com
Webmaster,edwardobrien.com
"Virtualitics, Inc.",virtualitics.com
"Zones, LLC",zones.com
Wells Fargo,wellsfargo.com
Visa,visa.com
Wells Fargo,wellsfargo.com
"Western States Contractors, Ltd",wscontractors.co
Wells Fargo,wellsfargo.com
Wells Fargo,wellsfargo.com
Wells Fargo,wellsfargo.com
WeightWatchers,weightwatchers.com
Wells Fargo,wellsfargo.com
Wells Fargo,wellsfargo.com
Webloo,webloo.co
Wells Fargo,wellsfargo.com
Wells Fargo,wellsfargo.com
WORKOPTI,google.co.uk
WiseTech Global,wisetechglobal.com
Woven,wovenpl.com
Wonder Sciences,wondersciences.com
Yale Gurney Pictures + SmartPix.,smartpix.ai
Yamaha Motor Finance Corporation,yamaha-motor-finance.com
XP Design INC,cinchy.com
Wizeline,wizeline.com
WinForge LLC,winforge.us
Zynga,zynga.com
